Region,Paises_con_sedes_Argentinas,PBI_promedio_U$S
North America,2,65623.62239391456
Europe & Central Asia,26,37916.702419266076
East Asia & Pacific,11,27876.872316966474
Middle East & North Africa,12,24902.5189234891
Latin America & Caribbean,24,11877.417324235066
Sub-Saharan Africa,7,2459.067444021032
South Asia,3,2229.3577834684565
